{"cameraMode":{"drawMode":0,"name":"Shaded","section":"Shading Mode"},"sceneLighting":false,"audioPlay":false,"sceneViewState":{"showFog":true,"showMaterialUpdate":false,"showSkybox":false,"showFlares":true,"showImageEffects":true,"showParticleSystems":true},"in2DMode":false,"pivot":{"x":0.018169879913330079,"y":-0.023724405094981195,"z":0.6626206636428833},"rotation":{"x":-0.4592518210411072,"y":-0.08239753544330597,"z":0.04283401370048523,"w":-0.8834385871887207},"size":4.343484401702881,"orthographic":false}