{"cameraMode":{"drawMode":0,"name":"Shaded","section":"Shading Mode"},"sceneLighting":false,"audioPlay":false,"sceneViewState":{"showFog":true,"showMaterialUpdate":false,"showSkybox":false,"showFlares":true,"showImageEffects":true,"showParticleSystems":true},"in2DMode":false,"pivot":{"x":-0.30000001192092898,"y":0.7800000905990601,"z":0.030000150203704835},"rotation":{"x":-0.4592518210411072,"y":-0.08239753544330597,"z":0.04283401370048523,"w":-0.8834385871887207},"size":3.5543625354766847,"orthographic":false}