{"cameraMode":{"drawMode":0,"name":"Shaded","section":"Shading Mode"},"sceneLighting":false,"audioPlay":false,"sceneViewState":{"showFog":true,"showMaterialUpdate":false,"showSkybox":false,"showFlares":true,"showImageEffects":true,"showParticleSystems":true},"in2DMode":false,"pivot":{"x":-0.330000102519989,"y":0.8100000619888306,"z":-0.08999982476234436},"rotation":{"x":-0.4592518210411072,"y":-0.08239753544330597,"z":0.04283401370048523,"w":-0.8834385871887207},"size":5.339580535888672,"orthographic":false}